{
  "version": 1,
  "author": "Saepul Hidayat",
  "editor": "wokwi",
  "parts": [
    { "type": "wokwi-arduino-uno", "id": "uno", "top": 0, "left": 0, "attrs": {} },
    { "type": "wokwi-dht22", "id": "dht1", "top": -191.7, "left": -101.4, "attrs": {} },
    {
      "type": "wokwi-lcd1602",
      "id": "lcd1",
      "top": -166.4,
      "left": 389.6,
      "attrs": { "pins": "i2c" }
    },
    { "type": "wokwi-relay-module", "id": "relay1", "top": -220.6, "left": 153.6, "attrs": {} },
    { "type": "wokwi-led", "id": "led1", "top": -330, "left": 330.2, "attrs": { "color": "red" } },
    { "type": "wokwi-vcc", "id": "vcc1", "top": -316.04, "left": 412.8, "attrs": {} },
    { "type": "wokwi-gnd", "id": "gnd1", "top": -259.2, "left": 306.6, "attrs": {} }
  ],
  "connections": [
    [ "dht1:VCC", "uno:5V", "red", [ "v297.6", "h249.6" ] ],
    [ "dht1:SDA", "uno:8", "green", [ "v28.8", "h249.7" ] ],
    [ "dht1:GND", "uno:GND.1", "black", [ "v9.6", "h172.8", "v67.2" ] ],
    [ "lcd1:GND", "uno:GND.1", "black", [ "h-278.4", "v134.4" ] ],
    [ "lcd1:VCC", "uno:5V", "red", [ "h-19.2", "v345.7", "h-220.8" ] ],
    [ "lcd1:SDA", "uno:A4.2", "cyan", [ "h0" ] ],
    [ "lcd1:SCL", "uno:A5.2", "magenta", [ "h0" ] ],
    [ "relay1:VCC", "uno:5V", "white", [ "h-182.4", "v422.4", "h192" ] ],
    [ "relay1:GND", "uno:GND.1", "black", [ "h0" ] ],
    [ "relay1:IN", "uno:13", "gold", [ "h0" ] ],
    [ "relay1:NO", "led1:A", "green", [ "h0" ] ],
    [ "relay1:COM", "vcc1:VCC", "gray", [ "h0" ] ],
    [ "led1:C", "gnd1:GND", "red", [ "v0" ] ]
  ],
  "dependencies": {}
}